clave_enigh,bloque_enigh,ccif_clase,ccif_division,ccif_division_nombre,pendiente,nota
A001,Alimentos y bebidas,01.1.1.1.2,01,Alimentos y bebidas no alcoholicas,NO,
A002,Alimentos y bebidas,01.1.1.2.1,01,Alimentos y bebidas no alcoholicas,NO,
A003,Alimentos y bebidas,01.1.1.9.3,01,Alimentos y bebidas no alcoholicas,NO,
A004,Alimentos y bebidas,01.1.1.3.1,01,Alimentos y bebidas no alcoholicas,NO,
A005,Alimentos y bebidas,01.1.1.9.2,01,Alimentos y bebidas no alcoholicas,NO,
A006,Alimentos y bebidas,01.1.1.9.4,01,Alimentos y bebidas no alcoholicas,NO,
A007,Alimentos y bebidas,01.1.1.2.2,01,Alimentos y bebidas no alcoholicas,NO,
A008,Alimentos y bebidas,01.1.1.3.2,01,Alimentos y bebidas no alcoholicas,NO,
A009,Alimentos y bebidas,,,,SI,Sin clasificacion CCIF disponible
A010,Alimentos y bebidas,01.1.1.3.5,01,Alimentos y bebidas no alcoholicas,NO,
A011,Alimentos y bebidas,01.1.1.3.6,01,Alimentos y bebidas no alcoholicas,NO,
A012,Alimentos y bebidas,01.1.1.3.3,01,Alimentos y bebidas no alcoholicas,NO,
A013,Alimentos y bebidas,01.1.1.3.7,01,Alimentos y bebidas no alcoholicas,NO,
A014,Alimentos y bebidas,01.1.1.3.8,01,Alimentos y bebidas no alcoholicas,NO,
A015,Alimentos y bebidas,01.1.1.3.4,01,Alimentos y bebidas no alcoholicas,NO,
A016,Alimentos y bebidas,01.1.1.3.9,01,Alimentos y bebidas no alcoholicas,NO,
A017,Alimentos y bebidas,01.1.1.3.A,01,Alimentos y bebidas no alcoholicas,NO,
A018,Alimentos y bebidas,01.1.1.3.B,01,Alimentos y bebidas no alcoholicas,NO,
A018,Alimentos y bebidas,01.1.1.5.0,01,Alimentos y bebidas no alcoholicas,NO,
A018,Alimentos y bebidas,01.1.1.9.5,01,Alimentos y bebidas no alcoholicas,NO,
A019,Alimentos y bebidas,01.1.1.1.1,01,Alimentos y bebidas no alcoholicas,NO,
A020,Alimentos y bebidas,01.1.1.2.3,01,Alimentos y bebidas no alcoholicas,NO,
A021,Alimentos y bebidas,01.1.1.4.0,01,Alimentos y bebidas no alcoholicas,NO,
A022,Alimentos y bebidas,01.1.1.9.1,01,Alimentos y bebidas no alcoholicas,NO,
A023,Alimentos y bebidas,01.1.9.1.3,01,Alimentos y bebidas no alcoholicas,NO,
A024,Alimentos y bebidas,01.1.1.1.3,01,Alimentos y bebidas no alcoholicas,NO,
A024,Alimentos y bebidas,01.1.1.9.6,01,Alimentos y bebidas no alcoholicas,NO,
A025,Alimentos y bebidas,01.2.2.1,01,Alimentos y bebidas no alcoholicas,NO,
A026,Alimentos y bebidas,01.2.2.1,01,Alimentos y bebidas no alcoholicas,NO,
A027,Alimentos y bebidas,01.2.2.1,01,Alimentos y bebidas no alcoholicas,NO,
A028,Alimentos y bebidas,01.2.2.1,01,Alimentos y bebidas no alcoholicas,NO,
A029,Alimentos y bebidas,01.2.2.2,01,Alimentos y bebidas no alcoholicas,NO,
A030,Alimentos y bebidas,01.2.2.5,01,Alimentos y bebidas no alcoholicas,NO,
A030,Alimentos y bebidas,01.2.2.6,01,Alimentos y bebidas no alcoholicas,NO,
A030,Alimentos y bebidas,01.2.2.7,01,Alimentos y bebidas no alcoholicas,NO,
A030,Alimentos y bebidas,01.2.4.7,01,Alimentos y bebidas no alcoholicas,NO,
A065,Alimentos y bebidas,01.2.2.L,01,Alimentos y bebidas no alcoholicas,NO,
A065,Alimentos y bebidas,01.2.5.6,01,Alimentos y bebidas no alcoholicas,NO,
A066,Alimentos y bebidas,01.3.1.1,01,Alimentos y bebidas no alcoholicas,NO,
A067,Alimentos y bebidas,01.3.1.2,01,Alimentos y bebidas no alcoholicas,NO,
A068,Alimentos y bebidas,01.3.2.2,01,Alimentos y bebidas no alcoholicas,NO,
A069,Alimentos y bebidas,,,,SI,Sin clasificacion CCIF disponible
A070,Alimentos y bebidas,01.3.2.4,01,Alimentos y bebidas no alcoholicas,NO,
A070,Alimentos y bebidas,01.3.2.3,01,Alimentos y bebidas no alcoholicas,NO,
A070,Alimentos y bebidas,01.3.3.1,01,Alimentos y bebidas no alcoholicas,NO,
A070,Alimentos y bebidas,01.3.2.1,01,Alimentos y bebidas no alcoholicas,NO,
A071,Alimentos y bebidas,,,,SI,Sin clasificacion CCIF disponible
A072,Alimentos y bebidas,01.3.4.1,01,Alimentos y bebidas no alcoholicas,NO,
A073,Alimentos y bebidas,01.3.4.2,01,Alimentos y bebidas no alcoholicas,NO,
A074,Alimentos y bebidas,01.3.3.2,01,Alimentos y bebidas no alcoholicas,NO,
A074,Alimentos y bebidas,01.3.4.3,01,Alimentos y bebidas no alcoholicas,NO,
A074,Alimentos y bebidas,01.3.5.1,01,Alimentos y bebidas no alcoholicas,NO,
A074,Alimentos y bebidas,01.3.5.2,01,Alimentos y bebidas no alcoholicas,NO,
A074,Alimentos y bebidas,01.3.6.0,01,Alimentos y bebidas no alcoholicas,NO,
A075,Alimentos y bebidas,01.4.1.1,01,Alimentos y bebidas no alcoholicas,NO,
A076,Alimentos y bebidas,01.4.3.1,01,Alimentos y bebidas no alcoholicas,NO,
A077,Alimentos y bebidas,,,,SI,Sin clasificacion CCIF disponible
A078,Alimentos y bebidas,01.4.3.2,01,Alimentos y bebidas no alcoholicas,NO,
A079,Alimentos y bebidas,01.4.2.0,01,Alimentos y bebidas no alcoholicas,NO,
A079,Alimentos y bebidas,01.9.2.1,01,Alimentos y bebidas no alcoholicas,NO,
A080,Alimentos y bebidas,01.4.1.2,01,Alimentos y bebidas no alcoholicas,NO,
A081,Alimentos y bebidas,01.4.4.1,01,Alimentos y bebidas no alcoholicas,NO,
A081,Alimentos y bebidas,01.4.4.2,01,Alimentos y bebidas no alcoholicas,NO,
A082,Alimentos y bebidas,01.4.5.2,01,Alimentos y bebidas no alcoholicas,NO,
A083,Alimentos y bebidas,01.4.5.5,01,Alimentos y bebidas no alcoholicas,NO,
A084,Alimentos y bebidas,,,,SI,Sin clasificacion CCIF disponible
A085,Alimentos y bebidas,01.4.5.1,01,Alimentos y bebidas no alcoholicas,NO,
A086,Alimentos y bebidas,01.4.5.3,01,Alimentos y bebidas no alcoholicas,NO,
A087,Alimentos y bebidas,01.4.5.4,01,Alimentos y bebidas no alcoholicas,NO,
A088,Alimentos y bebidas,01.4.5.6,01,Alimentos y bebidas no alcoholicas,NO,
A089,Alimentos y bebidas,01.4.3.3,01,Alimentos y bebidas no alcoholicas,NO,
A090,Alimentos y bebidas,01.5.2.0,01,Alimentos y bebidas no alcoholicas,NO,
A093,Alimentos y bebidas,01.1.7.1.1,01,Alimentos y bebidas no alcoholicas,NO,
A095,Alimentos y bebidas,01.1.7.1.2,01,Alimentos y bebidas no alcoholicas,NO,
A102,Alimentos y bebidas,01.1.8.1.1,01,Alimentos y bebidas no alcoholicas,NO,
A112,Alimentos y bebidas,01.1.7.6.1,01,Alimentos y bebidas no alcoholicas,NO,
A117,Alimentos y bebidas,01.1.7.6.2,01,Alimentos y bebidas no alcoholicas,NO,
A124,Alimentos y bebidas,01.1.6.1.1,01,Alimentos y bebidas no alcoholicas,NO,
A126,Alimentos y bebidas,01.1.7.4.6,01,Alimentos y bebidas no alcoholicas,NO,
A127,Alimentos y bebidas,01.1.7.2.8,01,Alimentos y bebidas no alcoholicas,NO,
A128,Alimentos y bebidas,01.1.9.4.3,01,Alimentos y bebidas no alcoholicas,NO,
A129,Alimentos y bebidas,01.1.7.2.9,01,Alimentos y bebidas no alcoholicas,NO,
A130,Alimentos y bebidas,01.1.7.4.8,01,Alimentos y bebidas no alcoholicas,NO,
A131,Alimentos y bebidas,01.1.7.2.A,01,Alimentos y bebidas no alcoholicas,NO,
A131,Alimentos y bebidas,01.1.7.3.3,01,Alimentos y bebidas no alcoholicas,NO,
A131,Alimentos y bebidas,01.1.7.4.1,01,Alimentos y bebidas no alcoholicas,NO,
A131,Alimentos y bebidas,01.1.7.4.9,01,Alimentos y bebidas no alcoholicas,NO,
A132,Alimentos y bebidas,,,,SI,Sin clasificacion CCIF disponible
A133,Alimentos y bebidas,01.1.7.9.4,01,Alimentos y bebidas no alcoholicas,NO,
A134,Alimentos y bebidas,01.1.7.9.3,01,Alimentos y bebidas no alcoholicas,NO,
A135,Alimentos y bebidas,01.1.7.9.8,01,Alimentos y bebidas no alcoholicas,NO,
A135,Alimentos y bebidas,01.1.7.9.9,01,Alimentos y bebidas no alcoholicas,NO,
A136,Alimentos y bebidas,01.1.7.8.0,01,Alimentos y bebidas no alcoholicas,NO,
A137,Alimentos y bebidas,01.1.7.6.1,01,Alimentos y bebidas no alcoholicas,NO,
A138,Alimentos y bebidas,01.1.7.6.3,01,Alimentos y bebidas no alcoholicas,NO,
A139,Alimentos y bebidas,,,,SI,Sin clasificacion CCIF disponible
A140,Alimentos y bebidas,01.1.7.6.2,01,Alimentos y bebidas no alcoholicas,NO,
A141,Alimentos y bebidas,01.1.7.6.4,01,Alimentos y bebidas no alcoholicas,NO,
A142,Alimentos y bebidas,01.1.7.7.0,01,Alimentos y bebidas no alcoholicas,NO,
A142,Alimentos y bebidas,01.1.7.9.7,01,Alimentos y bebidas no alcoholicas,NO,
A143,Alimentos y bebidas,,,,SI,Sin clasificacion CCIF disponible
A144,Alimentos y bebidas,09.3.1.2.3,09,Recreacion y cultura,NO,
A145,Alimentos y bebidas,01.1.9.4.6,01,Alimentos y bebidas no alcoholicas,NO,
A146,Alimentos y bebidas,,,,SI,Sin clasificacion CCIF disponible
A147,Alimentos y bebidas,01.1.6.5.4,01,Alimentos y bebidas no alcoholicas,NO,
A148,Alimentos y bebidas,01.1.6.4.1,01,Alimentos y bebidas no alcoholicas,NO,
A148,Alimentos y bebidas,01.1.6.4.2,01,Alimentos y bebidas no alcoholicas,NO,
A149,Alimentos y bebidas,01.1.6.3.1,01,Alimentos y bebidas no alcoholicas,NO,
A149,Alimentos y bebidas,01.1.6.3.2,01,Alimentos y bebidas no alcoholicas,NO,
A150,Alimentos y bebidas,,,,SI,Sin clasificacion CCIF disponible
A151,Alimentos y bebidas,,,,SI,Sin clasificacion CCIF disponible
A152,Alimentos y bebidas,01.1.6.1.2,01,Alimentos y bebidas no alcoholicas,NO,
A153,Alimentos y bebidas,,,,SI,Sin clasificacion CCIF disponible
A154,Alimentos y bebidas,01.1.6.2.1,01,Alimentos y bebidas no alcoholicas,NO,
A155,Alimentos y bebidas,01.1.6.2.4,01,Alimentos y bebidas no alcoholicas,NO,
A156,Alimentos y bebidas,01.1.6.2.3,01,Alimentos y bebidas no alcoholicas,NO,
A157,Alimentos y bebidas,01.1.6.1.3,01,Alimentos y bebidas no alcoholicas,NO,
A158,Alimentos y bebidas,01.1.6.3.3,01,Alimentos y bebidas no alcoholicas,NO,
A159,Alimentos y bebidas,01.1.6.5.1,01,Alimentos y bebidas no alcoholicas,NO,
A160,Alimentos y bebidas,01.1.6.2.2,01,Alimentos y bebidas no alcoholicas,NO,
A173,Alimentos y bebidas,01.1.6.1.3,01,Alimentos y bebidas no alcoholicas,NO,
A192,Alimentos y bebidas,01.1.9.3.1,01,Alimentos y bebidas no alcoholicas,NO,
A192,Alimentos y bebidas,01.1.9.3.2,01,Alimentos y bebidas no alcoholicas,NO,
A192,Alimentos y bebidas,01.1.9.3.3,01,Alimentos y bebidas no alcoholicas,NO,
A193,Alimentos y bebidas,01.1.9.3.7,01,Alimentos y bebidas no alcoholicas,NO,
A194,Alimentos y bebidas,01.1.9.3.9,01,Alimentos y bebidas no alcoholicas,NO,
A194,Alimentos y bebidas,01.1.9.4.5,01,Alimentos y bebidas no alcoholicas,NO,
A195,Alimentos y bebidas,01.1.9.2.3,01,Alimentos y bebidas no alcoholicas,NO,
A196,Alimentos y bebidas,01.1.9.2.2,01,Alimentos y bebidas no alcoholicas,NO,
A196,Alimentos y bebidas,01.1.9.2.5,01,Alimentos y bebidas no alcoholicas,NO,
A197,Alimentos y bebidas,01.1.9.2.4,01,Alimentos y bebidas no alcoholicas,NO,
A198,Alimentos y bebidas,11.1.1.2.A,11,Restaurantes y hoteles,NO,
A198,Alimentos y bebidas,01.1.9.1.1,01,Alimentos y bebidas no alcoholicas,NO,
A198,Alimentos y bebidas,01.1.9.1.2,01,Alimentos y bebidas no alcoholicas,NO,
A199,Alimentos y bebidas,11.1.1.2.5,11,Restaurantes y hoteles,NO,
A200,Alimentos y bebidas,11.1.1.2.B,11,Restaurantes y hoteles,NO,
A201,Alimentos y bebidas,11.1.1.2.4,11,Restaurantes y hoteles,NO,
A202,Alimentos y bebidas,11.1.1.2.7,11,Restaurantes y hoteles,NO,
A203,Alimentos y bebidas,01.1.7.4.4,01,Alimentos y bebidas no alcoholicas,NO,
A204,Alimentos y bebidas,01.2.2.M,01,Alimentos y bebidas no alcoholicas,NO,
A205,Alimentos y bebidas,01.8.9.2,01,Alimentos y bebidas no alcoholicas,NO,
A205,Alimentos y bebidas,01.9.9.2,01,Alimentos y bebidas no alcoholicas,NO,
A206,Alimentos y bebidas,01.4.7.2,01,Alimentos y bebidas no alcoholicas,NO,
A207,Alimentos y bebidas,01.8.3.2,01,Alimentos y bebidas no alcoholicas,NO,
A207,Alimentos y bebidas,01.8.3.3,01,Alimentos y bebidas no alcoholicas,NO,
A207,Alimentos y bebidas,01.8.4.1,01,Alimentos y bebidas no alcoholicas,NO,
A208,Alimentos y bebidas,01.8.6.1,01,Alimentos y bebidas no alcoholicas,NO,
A209,Alimentos y bebidas,01.8.9.1,01,Alimentos y bebidas no alcoholicas,NO,
A209,Alimentos y bebidas,01.8.9.3,01,Alimentos y bebidas no alcoholicas,NO,
A209,Alimentos y bebidas,01.9.9.1,01,Alimentos y bebidas no alcoholicas,NO,
A210,Alimentos y bebidas,,,,SI,Sin clasificacion CCIF disponible
A211,Alimentos y bebidas,01.9.9.5,01,Alimentos y bebidas no alcoholicas,NO,
A211,Alimentos y bebidas,01.9.9.6,01,Alimentos y bebidas no alcoholicas,NO,
A211,Alimentos y bebidas,01.3.0.0.0,01,Alimentos y bebidas no alcoholicas,NO,
A212,Alimentos y bebidas,,,,SI,Sin clasificacion CCIF disponible
A213,Alimentos y bebidas,09.3.2.2.1,09,Recreacion y cultura,NO,
A215,Alimentos y bebidas,01.1.9.1.1,01,Alimentos y bebidas no alcoholicas,NO,
A220,Alimentos y bebidas,01.2.2.1.1,01,Alimentos y bebidas no alcoholicas,NO,
A242,Alimentos y bebidas,,,,SI,Sin clasificacion CCIF disponible
A243,Alimentos y bebidas,11.1.1.1.1,11,Restaurantes y hoteles,NO,A243-A247: asignadas a Div 11 (INEGI: pendiente por clasificar)
A244,Alimentos y bebidas,11.1.1.1.1,11,Restaurantes y hoteles,NO,A243-A247: asignadas a Div 11 (INEGI: pendiente por clasificar)
A245,Alimentos y bebidas,11.1.1.1.1,11,Restaurantes y hoteles,NO,A243-A247: asignadas a Div 11 (INEGI: pendiente por clasificar)
A246,Alimentos y bebidas,11.1.1.1.1,11,Restaurantes y hoteles,NO,A243-A247: asignadas a Div 11 (INEGI: pendiente por clasificar)
A247,Alimentos y bebidas,11.1.1.1.1,11,Restaurantes y hoteles,NO,A243-A247: asignadas a Div 11 (INEGI: pendiente por clasificar)
B001,Transporte publico,07.3.1.2.1,07,Transporte,NO,
B001,Transporte publico,07.3.1.2.2,07,Transporte,NO,
B001,Transporte publico,07.3.1.1.0,07,Transporte,NO,
B002,Transporte publico,07.3.2.1.3,07,Transporte,NO,
B003,Transporte publico,07.3.1.2.3,07,Transporte,NO,
B003,Transporte publico,07.3.2.1.4,07,Transporte,NO,
B004,Transporte publico,07.3.2.1.5,07,Transporte,NO,
B005,Transporte publico,07.3.2.2.1,07,Transporte,NO,
B006,Transporte publico,07.3.2.1.2,07,Transporte,NO,
B007,Transporte publico,07.3.2.2.2,07,Transporte,NO,
B007,Transporte publico,07.3.2.9.0,07,Transporte,NO,
B007,Transporte publico,07.3.4.0.1,07,Transporte,NO,
B007,Transporte publico,07.3.4.0.2,07,Transporte,NO,
B007,Transporte publico,07.3.5.0.0,07,Transporte,NO,
B007,Transporte publico,07.3.6.0.0,07,Transporte,NO,
C001,Limpieza del hogar,05.6.1.1.6,05,Muebles y mantenimiento del hogar,NO,
C001,Limpieza del hogar,05.6.1.1.7,05,Muebles y mantenimiento del hogar,NO,
C002,Limpieza del hogar,05.6.1.1.A,05,Muebles y mantenimiento del hogar,NO,
C003,Limpieza del hogar,05.6.1.1.2,05,Muebles y mantenimiento del hogar,NO,
C004,Limpieza del hogar,05.6.1.1.E,05,Muebles y mantenimiento del hogar,NO,
C005,Limpieza del hogar,05.6.1.1.C,05,Muebles y mantenimiento del hogar,NO,
C006,Limpieza del hogar,05.6.1.9.9,05,Muebles y mantenimiento del hogar,NO,
C006,Limpieza del hogar,05.6.1.9.A,05,Muebles y mantenimiento del hogar,NO,
C007,Limpieza del hogar,05.6.1.9.6,05,Muebles y mantenimiento del hogar,NO,
C007,Limpieza del hogar,05.6.1.9.8,05,Muebles y mantenimiento del hogar,NO,
C008,Limpieza del hogar,05.6.1.1.8,05,Muebles y mantenimiento del hogar,NO,
C008,Limpieza del hogar,05.6.1.1.F,05,Muebles y mantenimiento del hogar,NO,
C009,Limpieza del hogar,05.6.1.1.9,05,Muebles y mantenimiento del hogar,NO,
C010,Limpieza del hogar,05.6.1.1.B,05,Muebles y mantenimiento del hogar,NO,
C011,Limpieza del hogar,05.6.1.9.3,05,Muebles y mantenimiento del hogar,NO,
C012,Limpieza del hogar,05.5.2.2.2,05,Muebles y mantenimiento del hogar,NO,
C013,Limpieza del hogar,05.5.2.2.1,05,Muebles y mantenimiento del hogar,NO,
C014,Limpieza del hogar,05.6.1.1.3,05,Muebles y mantenimiento del hogar,NO,
C015,Limpieza del hogar,05.6.1.9.5,05,Muebles y mantenimiento del hogar,NO,
D021,Cuidado personal,13.1.2.0.4,13,Cuidado personal y proteccion social,NO,
D022,Cuidado personal,13.1.3.1.1,13,Cuidado personal y proteccion social,NO,
D022,Cuidado personal,13.1.3.1.2,13,Cuidado personal y proteccion social,NO,
D023,Cuidado personal,13.1.3.2.1,13,Cuidado personal y proteccion social,NO,
D023,Cuidado personal,13.1.3.2.2,13,Cuidado personal y proteccion social,NO,
D024,Cuidado personal,13.1.3.1.3,13,Cuidado personal y proteccion social,NO,
D025,Cuidado personal,13.1.3.1.4,13,Cuidado personal y proteccion social,NO,
D026,Cuidado personal,13.1.2.0.J,13,Cuidado personal y proteccion social,NO,
D026,Cuidado personal,13.1.3.2.3,13,Cuidado personal y proteccion social,NO,
D026,Cuidado personal,13.9.0.1.0,13,Cuidado personal y proteccion social,NO,
E001,Educacion y recreacion,10.1.0.1.1,10,Educacion,NO,
E001,Educacion y recreacion,10.1.0.1.2,10,Educacion,NO,
E002,Educacion y recreacion,10.1.0.2.1,10,Educacion,NO,
E002,Educacion y recreacion,10.1.0.2.2,10,Educacion,NO,
E003,Educacion y recreacion,10.2.0.0.1,10,Educacion,NO,
E003,Educacion y recreacion,10.2.0.0.2,10,Educacion,NO,
E004,Educacion y recreacion,10.3.0.0.1,10,Educacion,NO,
E004,Educacion y recreacion,10.3.0.0.2,10,Educacion,NO,
E005,Educacion y recreacion,09.7.4.0.9,09,Recreacion y cultura,NO,
E005,Educacion y recreacion,10.4.0.1.5,10,Educacion,NO,
E005,Educacion y recreacion,10.4.0.1.6,10,Educacion,NO,
E006,Educacion y recreacion,10.4.0.1.8,10,Educacion,NO,
E006,Educacion y recreacion,10.4.0.1.9,10,Educacion,NO,
E007,Educacion y recreacion,09.7.4.0.B,09,Recreacion y cultura,NO,
E007,Educacion y recreacion,10.4.0.1.1,10,Educacion,NO,
E007,Educacion y recreacion,10.4.0.1.2,10,Educacion,NO,
E007,Educacion y recreacion,10.4.0.1.4,10,Educacion,NO,
E008,Educacion y recreacion,13.3.0.1.1,13,Cuidado personal y proteccion social,NO,
E008,Educacion y recreacion,13.3.0.1.2,13,Cuidado personal y proteccion social,NO,
E008,Educacion y recreacion,13.3.0.1.3,13,Cuidado personal y proteccion social,NO,
E009,Educacion y recreacion,07.2.4.3.1,07,Transporte,NO,
E009,Educacion y recreacion,09.4.6.1.1,09,Recreacion y cultura,NO,
E009,Educacion y recreacion,09.4.6.1.4,09,Recreacion y cultura,NO,
E009,Educacion y recreacion,09.4.6.2.3,09,Recreacion y cultura,NO,
E009,Educacion y recreacion,09.7.4.0.A,09,Recreacion y cultura,NO,
E009,Educacion y recreacion,10.5.0.9.1,10,Educacion,NO,
E009,Educacion y recreacion,10.5.0.9.2,10,Educacion,NO,
E009,Educacion y recreacion,10.5.0.9.3,10,Educacion,NO,
E010,Educacion y recreacion,,,,SI,Sin clasificacion CCIF disponible
E011,Educacion y recreacion,,,,SI,Sin clasificacion CCIF disponible
E012,Educacion y recreacion,13.3.0.1.4,13,Cuidado personal y proteccion social,NO,
E013,Educacion y recreacion,07.3.2.3.0,07,Transporte,NO,
E014,Educacion y recreacion,09.7.1.1.1,09,Recreacion y cultura,NO,
E015,Educacion y recreacion,10.1.0.1.4,10,Educacion,NO,
E015,Educacion y recreacion,10.1.0.2.4,10,Educacion,NO,
E015,Educacion y recreacion,10.2.0.0.4,10,Educacion,NO,
E015,Educacion y recreacion,10.3.0.0.4,10,Educacion,NO,
E028,Educacion y recreacion,09.6.1.0.2,09,Recreacion y cultura,NO,
E028,Educacion y recreacion,09.6.1.0.3,09,Recreacion y cultura,NO,
E029,Educacion y recreacion,09.4.6.1.2,09,Recreacion y cultura,NO,
E029,Educacion y recreacion,11.1.1.1.4,11,Restaurantes y hoteles,NO,
E029,Educacion y recreacion,11.1.1.1.5,11,Restaurantes y hoteles,NO,
E030,Educacion y recreacion,09.4.6.2.5,09,Recreacion y cultura,NO,
E030,Educacion y recreacion,09.4.6.3.0,09,Recreacion y cultura,NO,
E031,Educacion y recreacion,09.4.7.0.0,09,Recreacion y cultura,NO,
E032,Educacion y recreacion,09.4.6.2.2,09,Recreacion y cultura,NO,
E032,Educacion y recreacion,09.4.6.2.4,09,Recreacion y cultura,NO,
E033,Educacion y recreacion,08.3.5.0.2,08,Comunicacion,NO,
E034,Educacion y recreacion,08.3.9.1.0,08,Comunicacion,NO,
E034,Educacion y recreacion,08.3.9.2.3,08,Comunicacion,NO,
E034,Educacion y recreacion,09.4.6.1.5,09,Recreacion y cultura,NO,
E034,Educacion y recreacion,09.4.6.1.6,09,Recreacion y cultura,NO,
E034,Educacion y recreacion,09.6.9.0.4,09,Recreacion y cultura,NO,
E034,Educacion y recreacion,08.3.9.2.1,08,Comunicacion,NO,
E034,Educacion y recreacion,09.6.1.0.4,09,Recreacion y cultura,NO,
E034,Educacion y recreacion,09.6.2.0.1,09,Recreacion y cultura,NO,
E034,Educacion y recreacion,09.6.2.0.2,09,Recreacion y cultura,NO,
E034,Educacion y recreacion,08.3.9.2.2,08,Comunicacion,NO,
E034,Educacion y recreacion,08.6.1.3,08,Comunicacion,NO,
E034,Educacion y recreacion,09.6.9.0.3,09,Recreacion y cultura,NO,
F001,Comunicacion y vehiculos,08.1.1.0.0,08,Comunicacion,NO,
F001,Comunicacion y vehiculos,08.3.1.0.3,08,Comunicacion,NO,
F002,Comunicacion y vehiculos,08.1.2.0.0,08,Comunicacion,NO,
F003,Comunicacion y vehiculos,08.3.2.0.1,08,Comunicacion,NO,
F004,Comunicacion y vehiculos,08.3.1.0.4,08,Comunicacion,NO,
F005,Comunicacion y vehiculos,07.4.1.1.0,07,Transporte,NO,
F005,Comunicacion y vehiculos,07.4.1.2.0,07,Transporte,NO,
F005,Comunicacion y vehiculos,07.4.9.2.0,07,Transporte,NO,
F006,Comunicacion y vehiculos,08.3.3.1.2,08,Comunicacion,NO,
F006,Comunicacion y vehiculos,08.3.3.1.3,08,Comunicacion,NO,
F006,Comunicacion y vehiculos,08.3.5.0.1,08,Comunicacion,NO,
F006,Comunicacion y vehiculos,08.3.9.9.0,08,Comunicacion,NO,
F007,Comunicacion y vehiculos,07.2.2.2.1,07,Transporte,NO,
F008,Comunicacion y vehiculos,07.2.2.2.2,07,Transporte,NO,
F009,Comunicacion y vehiculos,07.2.2.1.0,07,Transporte,NO,
F009,Comunicacion y vehiculos,07.2.2.3.0,07,Transporte,NO,
F010,Comunicacion y vehiculos,07.2.2.4.0,07,Transporte,NO,
F010,Comunicacion y vehiculos,07.2.1.3.4,07,Transporte,NO,
F011,Comunicacion y vehiculos,07.2.3.0.6,07,Transporte,NO,
G009,Vivienda,04.5.1.0.0,04,"Vivienda, agua, electricidad y gas",NO,
G101,Vivienda,04.1.1.0.0,04,"Vivienda, agua, electricidad y gas",NO,
H056,Vestido y calzado,03.1.2.1.1,03,Vestido y calzado,NO,
H057,Vestido y calzado,03.1.2.1.2,03,Vestido y calzado,NO,
H058,Vestido y calzado,03.1.2.1.3,03,Vestido y calzado,NO,
H059,Vestido y calzado,03.1.2.1.4,03,Vestido y calzado,NO,
H061,Vestido y calzado,03.1.2.1.5,03,Vestido y calzado,NO,
H062,Vestido y calzado,03.1.2.1.7,03,Vestido y calzado,NO,
H063,Vestido y calzado,03.1.2.1.8,03,Vestido y calzado,NO,
H064,Vestido y calzado,03.1.2.1.9,03,Vestido y calzado,NO,
H065,Vestido y calzado,03.1.2.1.6,03,Vestido y calzado,NO,
H068,Vestido y calzado,03.1.2.2.1,03,Vestido y calzado,NO,
H069,Vestido y calzado,03.1.2.2.2,03,Vestido y calzado,NO,
H070,Vestido y calzado,03.1.2.2.3,03,Vestido y calzado,NO,
H071,Vestido y calzado,03.1.2.2.4,03,Vestido y calzado,NO,
H072,Vestido y calzado,03.1.2.2.6,03,Vestido y calzado,NO,
H073,Vestido y calzado,,,,SI,Sin clasificacion CCIF disponible
H074,Vestido y calzado,,,,SI,Sin clasificacion CCIF disponible
H075,Vestido y calzado,03.1.2.2.5,03,Vestido y calzado,NO,
H076,Vestido y calzado,03.1.2.2.7,03,Vestido y calzado,NO,
H077,Vestido y calzado,03.1.2.2.A,03,Vestido y calzado,NO,
H078,Vestido y calzado,03.1.2.2.B,03,Vestido y calzado,NO,
H079,Vestido y calzado,03.1.2.2.C,03,Vestido y calzado,NO,
H080,Vestido y calzado,03.1.2.2.8,03,Vestido y calzado,NO,
H081,Vestido y calzado,03.1.2.2.9,03,Vestido y calzado,NO,
H082,Vestido y calzado,03.1.3.2.0,03,Vestido y calzado,NO,
H108,Vestido y calzado,03.2.1.1.1,03,Vestido y calzado,NO,
H109,Vestido y calzado,03.2.1.1.5,03,Vestido y calzado,NO,
H110,Vestido y calzado,03.2.1.1.2,03,Vestido y calzado,NO,
H111,Vestido y calzado,03.2.1.1.3,03,Vestido y calzado,NO,
H112,Vestido y calzado,03.2.1.1.4,03,Vestido y calzado,NO,
H114,Vestido y calzado,03.2.1.2.1,03,Vestido y calzado,NO,
H115,Vestido y calzado,03.2.1.2.5,03,Vestido y calzado,NO,
H116,Vestido y calzado,03.2.1.2.2,03,Vestido y calzado,NO,
H117,Vestido y calzado,03.2.1.2.3,03,Vestido y calzado,NO,
H118,Vestido y calzado,03.2.1.2.4,03,Vestido y calzado,NO,
H123,Vestido y calzado,13.2.9.1.1,13,Cuidado personal y proteccion social,NO,
H124,Vestido y calzado,03.1.3.1.1,03,Vestido y calzado,NO,
H124,Vestido y calzado,13.2.9.1.2,13,Cuidado personal y proteccion social,NO,
H126,Vestido y calzado,13.2.9.1.9,13,Cuidado personal y proteccion social,NO,
H127,Vestido y calzado,13.2.1.1.1,13,Cuidado personal y proteccion social,NO,
I008,Muebles y articulos del hogar,13.2.1.1.3,13,Cuidado personal y proteccion social,NO,
I009,Muebles y articulos del hogar,05.4.0.3.1,05,Muebles y mantenimiento del hogar,NO,
I011,Muebles y articulos del hogar,05.4.0.3.2,05,Muebles y mantenimiento del hogar,NO,
I011,Muebles y articulos del hogar,05.4.0.3.4,05,Muebles y mantenimiento del hogar,NO,
I012,Muebles y articulos del hogar,05.5.2.1.1,05,Muebles y mantenimiento del hogar,NO,
I013,Muebles y articulos del hogar,05.4.0.4.0,05,Muebles y mantenimiento del hogar,NO,
I014,Muebles y articulos del hogar,05.1.1.1.1,05,Muebles y mantenimiento del hogar,NO,
I015,Muebles y articulos del hogar,05.2.1.9.2,05,Muebles y mantenimiento del hogar,NO,
I016,Muebles y articulos del hogar,05.2.1.2.3,05,Muebles y mantenimiento del hogar,NO,
I017,Muebles y articulos del hogar,05.2.1.2.1,05,Muebles y mantenimiento del hogar,NO,
I018,Muebles y articulos del hogar,05.2.1.2.4,05,Muebles y mantenimiento del hogar,NO,
I019,Muebles y articulos del hogar,05.2.1.2.2,05,Muebles y mantenimiento del hogar,NO,
I020,Muebles y articulos del hogar,05.2.1.3.1,05,Muebles y mantenimiento del hogar,NO,
I020,Muebles y articulos del hogar,05.4.0.3.3,05,Muebles y mantenimiento del hogar,NO,
I021,Muebles y articulos del hogar,05.2.1.3.2,05,Muebles y mantenimiento del hogar,NO,
I022,Muebles y articulos del hogar,05.1.1.4.5,05,Muebles y mantenimiento del hogar,NO,
I022,Muebles y articulos del hogar,05.2.1.1.1,05,Muebles y mantenimiento del hogar,NO,
I022,Muebles y articulos del hogar,05.2.1.1.2,05,Muebles y mantenimiento del hogar,NO,
I023,Muebles y articulos del hogar,05.2.1.9.3,05,Muebles y mantenimiento del hogar,NO,
I023,Muebles y articulos del hogar,05.2.2.0.0,05,Muebles y mantenimiento del hogar,NO,
I025,Muebles y articulos del hogar,05.6.1.9.1,05,Muebles y mantenimiento del hogar,NO,
I026,Muebles y articulos del hogar,05.2.1.1.3,05,Muebles y mantenimiento del hogar,NO,
J002,Salud,06.3.0.1.4,06,Salud,NO,
J007,Salud,06.2.1.9.2,06,Salud,NO,
J007,Salud,06.2.1.9.4,06,Salud,NO,
J009,Salud,06.1.1.1.B,06,Salud,NO,
J010,Salud,01.9.9.4,01,Alimentos y bebidas no alcoholicas,NO,
J011,Salud,06.4.1.0.3,06,Salud,NO,
J012,Salud,06.3.0.1.3,06,Salud,NO,
J013,Salud,06.2.1.9.8,06,Salud,NO,
J043,Salud,06.4.2.0.1,06,Salud,NO,
J043,Salud,06.2.3.2.2,06,Salud,NO,
J044,Salud,06.1.1.1.8,06,Salud,NO,
J061,Salud,06.1.1.1.J,06,Salud,NO,
J062,Salud,06.2.1.9.5,06,Salud,NO,
J063,Salud,06.1.1.2.0,06,Salud,NO,
J065,Salud,06.1.3.1.2,06,Salud,NO,
J065,Salud,06.1.3.2.0,06,Salud,NO,
J067,Salud,06.1.3.3.1,06,Salud,NO,
J067,Salud,06.1.3.3.2,06,Salud,NO,
J068,Salud,06.1.4.0.1,06,Salud,NO,
K024,Electrodomesticos,05.3.1.1.4,05,Muebles y mantenimiento del hogar,NO,
K024,Electrodomesticos,05.3.1.2.2,05,Muebles y mantenimiento del hogar,NO,
K024,Electrodomesticos,05.3.1.3.1,05,Muebles y mantenimiento del hogar,NO,
K024,Electrodomesticos,05.3.2.0.3,05,Muebles y mantenimiento del hogar,NO,
K024,Electrodomesticos,05.3.2.2.1,05,Muebles y mantenimiento del hogar,NO,
K024,Electrodomesticos,05.3.2.0.5,05,Muebles y mantenimiento del hogar,NO,
K024,Electrodomesticos,05.3.1.3.2,05,Muebles y mantenimiento del hogar,NO,
K024,Electrodomesticos,05.3.2.0.2,05,Muebles y mantenimiento del hogar,NO,
K024,Electrodomesticos,05.3.2.0.6,05,Muebles y mantenimiento del hogar,NO,
K024,Electrodomesticos,05.3.2.0.7,05,Muebles y mantenimiento del hogar,NO,
K024,Electrodomesticos,05.3.2.9.3,05,Muebles y mantenimiento del hogar,NO,
K025,Electrodomesticos,05.3.3.0.1,05,Muebles y mantenimiento del hogar,NO,
K025,Electrodomesticos,05.3.3.0.2,05,Muebles y mantenimiento del hogar,NO,
K025,Electrodomesticos,05.3.3.0.3,05,Muebles y mantenimiento del hogar,NO,
K025,Electrodomesticos,05.5.3.0.2,05,Muebles y mantenimiento del hogar,NO,
K026,Electrodomesticos,05.1.1.1.4,05,Muebles y mantenimiento del hogar,NO,
K027,Electrodomesticos,05.1.1.4.3,05,Muebles y mantenimiento del hogar,NO,
K028,Electrodomesticos,05.1.1.1.2,05,Muebles y mantenimiento del hogar,NO,
K030,Electrodomesticos,05.1.1.1.5,05,Muebles y mantenimiento del hogar,NO,
K032,Electrodomesticos,05.1.1.1.3,05,Muebles y mantenimiento del hogar,NO,
K034,Electrodomesticos,05.1.1.2.1,05,Muebles y mantenimiento del hogar,NO,
K035,Electrodomesticos,05.1.1.4.1,05,Muebles y mantenimiento del hogar,NO,
K036,Electrodomesticos,05.1.1.1.6,05,Muebles y mantenimiento del hogar,NO,
K036,Electrodomesticos,05.3.1.9.0,05,Muebles y mantenimiento del hogar,NO,
K037,Electrodomesticos,05.1.2.0.1,05,Muebles y mantenimiento del hogar,NO,
L004,Electronica,08.1.4.0.A,08,Comunicacion,NO,
L005,Electronica,08.1.4.0.A,08,Comunicacion,NO,
L006,Electronica,08.1.4.0.8,08,Comunicacion,NO,
L007,Electronica,08.1.3.1.1,08,Comunicacion,NO,
L007,Electronica,08.1.3.1.2,08,Comunicacion,NO,
L007,Electronica,08.1.3.1.3,08,Comunicacion,NO,
L007,Electronica,08.1.3.2.4,08,Comunicacion,NO,
L013,Electronica,08.1.4.0.3,08,Comunicacion,NO,
L018,Electronica,09.1.1.1.1,09,Recreacion y cultura,NO,
L018,Electronica,09.1.1.1.2,09,Recreacion y cultura,NO,
L018,Electronica,09.1.1.1.3,09,Recreacion y cultura,NO,
M007,Vehiculos,07.1.1.1.0,07,Transporte,NO,
M007,Vehiculos,07.1.1.2.0,07,Transporte,NO,
M008,Vehiculos,07.1.1.1.0,07,Transporte,NO,
M009,Vehiculos,07.1.2.0.0,07,Transporte,NO,
M010,Vehiculos,07.1.3.0.0,07,Transporte,NO,
M012,Vehiculos,07.2.1.1.0,07,Transporte,NO,
M013,Vehiculos,07.2.1.2.2,07,Transporte,NO,
M014,Vehiculos,07.2.1.2.1,07,Transporte,NO,
M015,Vehiculos,07.2.1.3.3,07,Transporte,NO,
M016,Vehiculos,07.2.1.3.1,07,Transporte,NO,
M016,Vehiculos,07.2.1.3.2,07,Transporte,NO,
M017,Vehiculos,07.2.3.0.1,07,Transporte,NO,
M017,Vehiculos,07.2.3.0.3,07,Transporte,NO,
M018,Vehiculos,07.2.3.0.4,07,Transporte,NO,
M018,Vehiculos,09.4.2.1.0,09,Recreacion y cultura,NO,
M018,Vehiculos,07.2.3.0.2,07,Transporte,NO,
M018,Vehiculos,07.2.3.0.5,07,Transporte,NO,
N001,Gastos diversos,09.6.3.0.0,09,Recreacion y cultura,NO,
N001,Gastos diversos,12.2.1.0.0,12,Bienes y servicios diversos,NO,
N001,Gastos diversos,12.2.9.9.0,12,Bienes y servicios diversos,NO,
N001,Gastos diversos,13.3.0.9.1,13,Cuidado personal y proteccion social,NO,
N001,Gastos diversos,13.3.0.9.2,13,Cuidado personal y proteccion social,NO,
N001,Gastos diversos,13.9.0.9.1,13,Cuidado personal y proteccion social,NO,
N002,Gastos diversos,13.2.9.1.A,13,Cuidado personal y proteccion social,NO,
N002,Gastos diversos,13.9.0.9.2,13,Cuidado personal y proteccion social,NO,
N003,Gastos diversos,09.2.1.3.1,09,Recreacion y cultura,NO,
N003,Gastos diversos,09.6.1.0.5,09,Recreacion y cultura,NO,
N003,Gastos diversos,09.6.9.0.5,09,Recreacion y cultura,NO,
N003,Gastos diversos,09.6.9.0.6,09,Recreacion y cultura,NO,
N013,Gastos diversos,13.9.0.9.0,13,Cuidado personal y proteccion social,NO,
Q001,Erogaciones financieras,14.1.1.1.1,14,Erogaciones financieras,NO,
Q002,Erogaciones financieras,14.1.1.1.2,14,Erogaciones financieras,NO,
Q003,Erogaciones financieras,14.1.1.1.3,14,Erogaciones financieras,NO,
Q004,Erogaciones financieras,14.1.1.1.4,14,Erogaciones financieras,NO,
Q005,Erogaciones financieras,14.1.1.1.5,14,Erogaciones financieras,NO,
Q006,Erogaciones financieras,05.1.1.4.4,05,Muebles y mantenimiento del hogar,NO,
Q007,Erogaciones financieras,14.1.1.1.7,14,Erogaciones financieras,NO,
Q008,Erogaciones financieras,14.1.1.1.8,14,Erogaciones financieras,NO,
Q009,Erogaciones financieras,14.1.1.1.9,14,Erogaciones financieras,NO,
Q010,Erogaciones financieras,14.1.1.1.A,14,Erogaciones financieras,NO,
Q011,Erogaciones financieras,14.1.1.1.B,14,Erogaciones financieras,NO,
Q012,Erogaciones financieras,14.1.1.1.C,14,Erogaciones financieras,NO,
Q013,Erogaciones financieras,14.1.1.1.D,14,Erogaciones financieras,NO,
Q015,Erogaciones financieras,14.1.1.1.E,14,Erogaciones financieras,NO,
R001,Servicios de telecomunicacion,08.3.2.0.1,08,Comunicacion,NO,
R007,Servicios de telecomunicacion,08.3.2.0.2,08,Comunicacion,NO,
R008,Servicios de telecomunicacion,08.3.3.1.1,08,Comunicacion,NO,
R009,Servicios de telecomunicacion,08.3.9.2.4,08,Comunicacion,NO,
R010,Servicios de telecomunicacion,08.3.4.0.1,08,Comunicacion,NO,
R011,Servicios de telecomunicacion,08.3.4.0.4,08,Comunicacion,NO,
R011,Servicios de telecomunicacion,08.3.4.0.5,08,Comunicacion,NO,
R011,Servicios de telecomunicacion,08.3.4.0.2,08,Comunicacion,NO,
R011,Servicios de telecomunicacion,08.3.4.0.3,08,Comunicacion,NO,
